userid,movieid,predictedRatings
1,1339,3.2082975942656744
2,377,3.5341496598639455
3,527,4.091205254778717
4,112,4.750232991612302
5,150,4.015216980393006
6,2072,3.2782681534055085
7,333,3.1115783927316216
8,805,4.6310851926977685
9,608,4.667042497008655
10,1127,3.4130268199233718
