userid,movieid,predictedRatings
1,1339,3.5
2,377,3.497367564953388
3,527,4.036461201100903
4,112,4.578888506148637
5,150,4.232759422898692
6,2072,3.2656927405872644
7,333,3
8,805,3.5
9,608,4.313647209790688
10,1127,3.8722561097657726
