userid,movieid,predictedRatings
1,1339,2.8286446388277797
2,377,3.497367564953388
3,527,4.036461201100903
4,112,4.578888506148637
5,150,4.232759422898692
6,2072,3.2656927405872644
7,333,3.6393144519472416
8,805,4.620491486732807
9,608,4.313647209790688
10,1127,3.8722561097657726
